<?xml version="1.0" encoding="UTF-8"?>
<beans xmlns="http://www.springframework.org/schema/beans"
       xmlns:xsi="http://www.w3.org/2001/XMLSchema-instance"
       xmlns:context="http://www.springframework.org/schema/context"
       xsi:schemaLocation="http://www.springframework.org/schema/beans
       http://www.springframework.org/schema/beans/spring-beans.xsd http://www.springframework.org/schema/context http://www.springframework.org/schema/context/spring-context.xsd">

    <!--引入属性配置文件-->
    <context:property-placeholder location="classpath:jdbc.properties"/>
    <context:component-scan base-package="com.studentInfo.dao"/>

    <!--创建连接池-->
    <bean id="dataSource" class="com.mchange.v2.c3p0.ComboPooledDataSource">
        <property name="driverClass" value="${driver}"/>
        <property name="jdbcUrl" value="${url}"/>
        <property name="user" value="root"/>
        <property name="password" value="wen996332"/>

        <!--最大与最小连接数-->
        <property name="maxPoolSize" value="30"/>
        <property name="minPoolSize" value="10"/>
        <!--关闭连接时自动提交，默认为true-->
        <property name="autoCommitOnClose" value="false"/>
        <!--连接超时时间-->
        <!--<property name="loginTimeout" value="10000"/>-->
        <!--连接失败的重试次数-->
        <property name="acquireRetryAttempts" value="10"/>
    </bean>

    <!--创建sqlSessionFactory-->
    <bean id="sqlSessionFactory" class="org.mybatis.spring.SqlSessionFactoryBean">
        <!--使用连接池-->
        <property name="dataSource" ref="dataSource"/>
        <!--引入 mybatis 配置文件-->
        <property name="configLocation" value="classpath:mybatis-config.xml"/>
        <!--实体包路径-->
        <property name="typeAliasesPackage" value="com.studentInfo.entity"/>
        <!--mapper 文件路径-->
        <property name="mapperLocations" value="classpath:mapper/*.xml"/>
    </bean>

    <!--配置扫描Dao接口包，动态实现Dao接口，注入到spring容器中-->
    <bean class="org.mybatis.spring.mapper.MapperScannerConfigurer">
        <!--注入到容器-->
        <property name="sqlSessionFactoryBeanName" value="sqlSessionFactory"/>
        <!--给出需要扫描的Dao接口包-->
        <property name="basePackage" value="com.studentInfo.dao"/>
    </bean>
</beans>