<?xml version="1.0" encoding="UTF-8"?>

<!DOCTYPE mapper
        PUBLIC "-//mybatis.org//DTD Mapper 3.0//EN"
        "http://mybatis.org/dtd/mybatis-3-mapper.dtd">
<mapper namespace="com.studentInfo.dao.StudentDAO">
    <insert id="addStudent">
    INSERT ignore INTO Student_T (name,sex,score)
    values (#{name},#{sex},#{score})
</insert>

<select id="queryById" parameterType = "long" resultType="Student">
        SELECT
        *
        FROM Student_T
        WHERE  student_id = #{_parameter}
    </select>

    <select id="queryAll" resultType="Student">
    SELECT *
    FROM Student_T
    order by student_id desc
    limit #{offset},#{limit}
    </select>

    <delete id="deleteStudent" parameterType="long" >
        DELETE
        FROM Student_T
        WHERE  student_id = #{_parameter}
    </delete>
    <update id="changeStudentInfo" >
        UPDATE
          Student_T
        SET
          name=#{name},
          sex=#{sex},
          score=#{score}
        WHERE student_id = #{id}
    </update>
</mapper>